{
  "sampleId": 0,
  "timestamp": "2025-07-25T08:42:29.224Z",
  "features": [
    91.90000000596046,
    84.90000000596046,
    97.09999999403954,
    62.5,
    153.90000000596046,
    -29.400000005960464,
    69,
    10.952902518929227,
    19.799999997019768,
    0,
    4.99866648423081,
    0,
    0,
    0,
    0,
    0,
    0,
    0,
    0,
    0,
    0,
    0,
    0,
    0,
    0,
    0,
    0,
    0,
    0,
    0,
    0,
    0,
    0,
    0
  ],
  "detailedFeatures": {
    "holdTimes": [
      91.90000000596046,
      84.90000000596046,
      97.09999999403954
    ],
    "ddTimes": [
      62.5,
      153.90000000596046
    ],
    "udTimes": [
      -29.400000005960464,
      69
    ],
    "typingSpeed": 10.952902518929227,
    "flightTime": 19.799999997019768,
    "errorRate": 0,
    "pressPressure": 4.99866648423081
  },
  "privacyMode": false
}