{
  "sampleId": 8,
  "timestamp": "2025-07-25T08:42:45.677Z",
  "features": [
    100.69999998807907,
    118.2000000178814,
    128.09999999403954,
    89.30000001192093,
    37.599999994039536,
    121.69999998807907,
    1214.1000000238419,
    137.69999998807907,
    192.09999999403954,
    21,
    1095.9000000059605,
    9.599999994039536,
    102.7999999821186,
    3.001921229597678,
    307.32499999552965,
    0,
    31.601734132323184,
    0,
    0,
    0,
    0,
    0,
    0,
    0,
    0,
    0,
    0,
    0,
    0,
    0,
    0,
    0,
    0,
    0
  ],
  "detailedFeatures": {
    "holdTimes": [
      100.69999998807907,
      118.2000000178814,
      128.09999999403954,
      89.30000001192093,
      37.599999994039536
    ],
    "ddTimes": [
      121.69999998807907,
      1214.1000000238419,
      137.69999998807907,
      192.09999999403954
    ],
    "udTimes": [
      21,
      1095.9000000059605,
      9.599999994039536,
      102.7999999821186
    ],
    "typingSpeed": 3.001921229597678,
    "flightTime": 307.32499999552965,
    "errorRate": 0,
    "pressPressure": 31.601734132323184
  },
  "privacyMode": false
}