{
  "sampleId": 6,
  "timestamp": "2025-07-25T08:42:41.614Z",
  "features": [
    107.09999999403954,
    97.30000001192093,
    106.40000000596046,
    116.09999999403954,
    124.40000000596046,
    9,
    27.099999994039536,
    9.652509652139424,
    18.049999997019768,
    0,
    4.463929503679154,
    0,
    0,
    0,
    0,
    0,
    0,
    0,
    0,
    0,
    0,
    0,
    0,
    0,
    0,
    0,
    0,
    0,
    0,
    0,
    0,
    0,
    0,
    0
  ],
  "detailedFeatures": {
    "holdTimes": [
      107.09999999403954,
      97.30000001192093,
      106.40000000596046
    ],
    "ddTimes": [
      116.09999999403954,
      124.40000000596046
    ],
    "udTimes": [
      9,
      27.099999994039536
    ],
    "typingSpeed": 9.652509652139424,
    "flightTime": 18.049999997019768,
    "errorRate": 0,
    "pressPressure": 4.463929503679154
  },
  "privacyMode": false
}