{
  "sampleId": 2,
  "timestamp": "2025-07-25T08:42:35.983Z",
  "features": [
    64.59999999403954,
    48.599999994039536,
    136.90000000596046,
    37.19999998807907,
    67.09999999403954,
    -27.400000005960464,
    18.5,
    11.99520191951818,
    -4.450000002980232,
    0,
    38.4132211091572,
    0,
    0,
    0,
    0,
    0,
    0,
    0,
    0,
    0,
    0,
    0,
    0,
    0,
    0,
    0,
    0,
    0,
    0,
    0,
    0,
    0,
    0,
    0
  ],
  "detailedFeatures": {
    "holdTimes": [
      64.59999999403954,
      48.599999994039536,
      136.90000000596046
    ],
    "ddTimes": [
      37.19999998807907,
      67.09999999403954
    ],
    "udTimes": [
      -27.400000005960464,
      18.5
    ],
    "typingSpeed": 11.99520191951818,
    "flightTime": -4.450000002980232,
    "errorRate": 0,
    "pressPressure": 38.4132211091572
  },
  "privacyMode": false
}