{
  "sampleId": 9,
  "timestamp": "2025-07-25T08:42:48.498Z",
  "features": [
    105,
    109,
    96.5,
    60.5,
    157.30000001192093,
    -44.5,
    48.30000001192093,
    9.66183574879227,
    1.9000000059604645,
    0,
    5.212165257037297,
    0,
    0,
    0,
    0,
    0,
    0,
    0,
    0,
    0,
    0,
    0,
    0,
    0,
    0,
    0,
    0,
    0,
    0,
    0,
    0,
    0,
    0,
    0
  ],
  "detailedFeatures": {
    "holdTimes": [
      105,
      109,
      96.5
    ],
    "ddTimes": [
      60.5,
      157.30000001192093
    ],
    "udTimes": [
      -44.5,
      48.30000001192093
    ],
    "typingSpeed": 9.66183574879227,
    "flightTime": 1.9000000059604645,
    "errorRate": 0,
    "pressPressure": 5.212165257037297
  },
  "privacyMode": false
}