{
  "sampleId": 1,
  "timestamp": "2025-07-25T08:42:33.982Z",
  "features": [
    611.1999999880791,
    331.09999999403954,
    30.5,
    302,
    344.5,
    -309.19999998807907,
    13.400000005960464,
    3.0838815790040544,
    -147.8999999910593,
    0,
    237.11901839916044,
    0,
    0,
    0,
    0,
    0,
    0,
    0,
    0,
    0,
    0,
    0,
    0,
    0,
    0,
    0,
    0,
    0,
    0,
    0,
    0,
    0,
    0,
    0
  ],
  "detailedFeatures": {
    "holdTimes": [
      611.1999999880791,
      331.09999999403954,
      30.5
    ],
    "ddTimes": [
      302,
      344.5
    ],
    "udTimes": [
      -309.19999998807907,
      13.400000005960464
    ],
    "typingSpeed": 3.0838815790040544,
    "flightTime": -147.8999999910593,
    "errorRate": 0,
    "pressPressure": 237.11901839916044
  },
  "privacyMode": false
}