{
  "sampleId": 7,
  "timestamp": "2025-07-25T08:42:42.922Z",
  "features": [
    106.7000000178814,
    88,
    87.19999998807907,
    119.7000000178814,
    138.59999999403954,
    13,
    50.599999994039536,
    10.642071656390808,
    31.799999997019768,
    0,
    9.009747818952833,
    0,
    0,
    0,
    0,
    0,
    0,
    0,
    0,
    0,
    0,
    0,
    0,
    0,
    0,
    0,
    0,
    0,
    0,
    0,
    0,
    0,
    0,
    0
  ],
  "detailedFeatures": {
    "holdTimes": [
      106.7000000178814,
      88,
      87.19999998807907
    ],
    "ddTimes": [
      119.7000000178814,
      138.59999999403954
    ],
    "udTimes": [
      13,
      50.599999994039536
    ],
    "typingSpeed": 10.642071656390808,
    "flightTime": 31.799999997019768,
    "errorRate": 0,
    "pressPressure": 9.009747818952833
  },
  "privacyMode": false
}