{
  "sampleId": 4,
  "timestamp": "2025-07-25T08:42:38.946Z",
  "features": [
    120.30000001192093,
    99.30000001192093,
    92.5,
    93.09999999403954,
    136.10000002384186,
    -27.200000017881393,
    36.80000001192093,
    9.61230374806416,
    4.799999997019768,
    0,
    11.83253518822351,
    0,
    0,
    0,
    0,
    0,
    0,
    0,
    0,
    0,
    0,
    0,
    0,
    0,
    0,
    0,
    0,
    0,
    0,
    0,
    0,
    0,
    0,
    0
  ],
  "detailedFeatures": {
    "holdTimes": [
      120.30000001192093,
      99.30000001192093,
      92.5
    ],
    "ddTimes": [
      93.09999999403954,
      136.10000002384186
    ],
    "udTimes": [
      -27.200000017881393,
      36.80000001192093
    ],
    "typingSpeed": 9.61230374806416,
    "flightTime": 4.799999997019768,
    "errorRate": 0,
    "pressPressure": 11.83253518822351
  },
  "privacyMode": false
}