{
  "sampleId": 5,
  "timestamp": "2025-07-25T08:42:40.305Z",
  "features": [
    115.5,
    80.7999999821186,
    137.59999999403954,
    127.7000000178814,
    131.90000000596046,
    12.200000017881393,
    51.10000002384186,
    8.984725966499587,
    31.650000020861626,
    0,
    23.377909806604784,
    0,
    0,
    0,
    0,
    0,
    0,
    0,
    0,
    0,
    0,
    0,
    0,
    0,
    0,
    0,
    0,
    0,
    0,
    0,
    0,
    0,
    0,
    0
  ],
  "detailedFeatures": {
    "holdTimes": [
      115.5,
      80.7999999821186,
      137.59999999403954
    ],
    "ddTimes": [
      127.7000000178814,
      131.90000000596046
    ],
    "udTimes": [
      12.200000017881393,
      51.10000002384186
    ],
    "typingSpeed": 8.984725966499587,
    "flightTime": 31.650000020861626,
    "errorRate": 0,
    "pressPressure": 23.377909806604784
  },
  "privacyMode": false
}