{
  "sampleId": 3,
  "timestamp": "2025-07-25T08:42:37.461Z",
  "features": [
    104.90000000596046,
    116.59999999403954,
    97.19999998807907,
    86.90000000596046,
    135,
    -18,
    18.400000005960464,
    9.413241293103905,
    0.20000000298023224,
    0,
    7.975936031642582,
    0,
    0,
    0,
    0,
    0,
    0,
    0,
    0,
    0,
    0,
    0,
    0,
    0,
    0,
    0,
    0,
    0,
    0,
    0,
    0,
    0,
    0,
    0
  ],
  "detailedFeatures": {
    "holdTimes": [
      104.90000000596046,
      116.59999999403954,
      97.19999998807907
    ],
    "ddTimes": [
      86.90000000596046,
      135
    ],
    "udTimes": [
      -18,
      18.400000005960464
    ],
    "typingSpeed": 9.413241293103905,
    "flightTime": 0.20000000298023224,
    "errorRate": 0,
    "pressPressure": 7.975936031642582
  },
  "privacyMode": false
}