{
  "sampleId": 7,
  "timestamp": "2025-07-26T16:07:03.116Z",
  "features": [
    200.89999997615814,
    152.80000001192093,
    122.89999997615814,
    124.90000003576279,
    141,
    123,
    104.5,
    248.30000001192093,
    242.89999997615814,
    245.10000002384186,
    271.89999997615814,
    -96.39999997615814,
    95.5,
    120,
    120.19999998807907,
    130.89999997615814,
    5.392289026749601,
    74.03999999761581,
    0,
    27.61248207223378,
    0,
    0,
    0,
    0,
    0,
    0,
    0,
    0,
    0,
    0,
    0,
    0,
    0,
    0
  ],
  "detailedFeatures": {
    "holdTimes": [
      200.89999997615814,
      152.80000001192093,
      122.89999997615814,
      124.90000003576279,
      141,
      123
    ],
    "ddTimes": [
      104.5,
      248.30000001192093,
      242.89999997615814,
      245.10000002384186,
      271.89999997615814
    ],
    "udTimes": [
      -96.39999997615814,
      95.5,
      120,
      120.19999998807907,
      130.89999997615814
    ],
    "typingSpeed": 5.392289026749601,
    "flightTime": 74.03999999761581,
    "errorRate": 0,
    "pressPressure": 27.61248207223378
  },
  "privacyMode": false
}