{
  "sampleId": 5,
  "timestamp": "2025-07-26T16:06:41.342Z",
  "features": [
    205.10000002384186,
    131.60000002384186,
    149.30000001192093,
    136.5999999642372,
    109.10000002384186,
    133.10000002384186,
    206.4000000357628,
    153.80000001192093,
    151.60000002384186,
    113.69999998807907,
    129.29999995231628,
    135.5,
    240.60000002384186,
    254.80000001192093,
    270.39999997615814,
    217.5,
    893.6999999880791,
    134.10000002384186,
    262.69999998807907,
    267,
    256.60000002384186,
    -69.60000002384186,
    109,
    105.5,
    133.80000001192093,
    108.39999997615814,
    760.5999999642372,
    -72.30000001192093,
    108.89999997615814,
    115.39999997615814,
    142.9000000357628,
    3.2738582419239273,
    176.7999999978963,
    0,
    26.19283488300832
  ],
  "detailedFeatures": {
    "holdTimes": [
      205.10000002384186,
      131.60000002384186,
      149.30000001192093,
      136.5999999642372,
      109.10000002384186,
      133.10000002384186,
      206.4000000357628,
      153.80000001192093,
      151.60000002384186,
      113.69999998807907,
      129.29999995231628,
      115.5,
      176.10000002384186,
      154.0999999642372,
      142.5,
      145.29999995231628,
      139.4000000357628,
      143.80000001192093
    ],
    "ddTimes": [
      135.5,
      240.60000002384186,
      254.80000001192093,
      270.39999997615814,
      217.5,
      893.6999999880791,
      134.10000002384186,
      262.69999998807907,
      267,
      256.60000002384186,
      244.89999997615814,
      1156.8999999761581,
      98.40000003576279,
      256.39999997615814,
      274.4000000357628,
      267.2999999523163,
      266.9000000357628
    ],
    "udTimes": [
      -69.60000002384186,
      109,
      105.5,
      133.80000001192093,
      108.39999997615814,
      760.5999999642372,
      -72.30000001192093,
      108.89999997615814,
      115.39999997615814,
      142.9000000357628,
      115.60000002384186,
      1041.3999999761581,
      -77.69999998807907,
      102.30000001192093,
      131.9000000357628,
      122,
      127.5
    ],
    "typingSpeed": 3.2738582419239273,
    "flightTime": 176.7999999978963,
    "errorRate": 0,
    "pressPressure": 26.19283488300832
  },
  "privacyMode": false
}