{
  "sampleId": 2,
  "timestamp": "2025-07-26T16:06:27.677Z",
  "features": [
    181.5999999642372,
    146.69999998807907,
    122.90000003576279,
    113.60000002384186,
    125.09999996423721,
    119.59999996423721,
    107.69999998807907,
    229.89999997615814,
    223.19999998807907,
    219.20000004768372,
    220,
    -73.89999997615814,
    83.19999998807907,
    100.29999995231628,
    105.60000002384186,
    94.90000003576279,
    6,
    62.02000000476837,
    0,
    23.26638608821413,
    0,
    0,
    0,
    0,
    0,
    0,
    0,
    0,
    0,
    0,
    0,
    0,
    0,
    0
  ],
  "detailedFeatures": {
    "holdTimes": [
      181.5999999642372,
      146.69999998807907,
      122.90000003576279,
      113.60000002384186,
      125.09999996423721,
      119.59999996423721
    ],
    "ddTimes": [
      107.69999998807907,
      229.89999997615814,
      223.19999998807907,
      219.20000004768372,
      220
    ],
    "udTimes": [
      -73.89999997615814,
      83.19999998807907,
      100.29999995231628,
      105.60000002384186,
      94.90000003576279
    ],
    "typingSpeed": 6,
    "flightTime": 62.02000000476837,
    "errorRate": 0,
    "pressPressure": 23.26638608821413
  },
  "privacyMode": false
}