{
  "sampleId": 6,
  "timestamp": "2025-07-26T16:06:57.972Z",
  "features": [
    98.30000001192093,
    128.89999997615814,
    207.80000001192093,
    349.4000000357628,
    170.60000002384186,
    204.70000004768372,
    136.70000004768372,
    129.69999998807907,
    124.5,
    130.39999997615814,
    124.30000001192093,
    220.30000001192093,
    348.19999998807907,
    2125.199999988079,
    483.69999998807907,
    9820.5,
    132.5,
    254.30000001192093,
    246.9000000357628,
    249.69999998807907,
    256.89999997615814,
    122,
    219.30000001192093,
    1917.3999999761581,
    134.29999995231628,
    9649.899999976158,
    -72.20000004768372,
    117.59999996423721,
    117.20000004768372,
    125.19999998807907,
    126.5,
    0.778033978866424,
    1245.719999986887,
    0,
    67.23572939569598
  ],
  "detailedFeatures": {
    "holdTimes": [
      98.30000001192093,
      128.89999997615814,
      207.80000001192093,
      349.4000000357628,
      170.60000002384186,
      204.70000004768372,
      136.70000004768372,
      129.69999998807907,
      124.5,
      130.39999997615814,
      124.30000001192093
    ],
    "ddTimes": [
      220.30000001192093,
      348.19999998807907,
      2125.199999988079,
      483.69999998807907,
      9820.5,
      132.5,
      254.30000001192093,
      246.9000000357628,
      249.69999998807907,
      256.89999997615814
    ],
    "udTimes": [
      122,
      219.30000001192093,
      1917.3999999761581,
      134.29999995231628,
      9649.899999976158,
      -72.20000004768372,
      117.59999996423721,
      117.20000004768372,
      125.19999998807907,
      126.5
    ],
    "typingSpeed": 0.778033978866424,
    "flightTime": 1245.719999986887,
    "errorRate": 0,
    "pressPressure": 67.23572939569598
  },
  "privacyMode": false
}