{
  "sampleId": 3,
  "timestamp": "2025-07-26T16:06:30.500Z",
  "features": [
    191.0999999642372,
    134.19999998807907,
    128,
    113,
    108,
    113.19999998807907,
    131.0999999642372,
    229.5,
    237.30000001192093,
    238.69999998807907,
    219,
    -60,
    95.30000001192093,
    109.30000001192093,
    125.69999998807907,
    111,
    5.683971201405149,
    76.26000000238419,
    0,
    28.286377746420648,
    0,
    0,
    0,
    0,
    0,
    0,
    0,
    0,
    0,
    0,
    0,
    0,
    0,
    0
  ],
  "detailedFeatures": {
    "holdTimes": [
      191.0999999642372,
      134.19999998807907,
      128,
      113,
      108,
      113.19999998807907
    ],
    "ddTimes": [
      131.0999999642372,
      229.5,
      237.30000001192093,
      238.69999998807907,
      219
    ],
    "udTimes": [
      -60,
      95.30000001192093,
      109.30000001192093,
      125.69999998807907,
      111
    ],
    "typingSpeed": 5.683971201405149,
    "flightTime": 76.26000000238419,
    "errorRate": 0,
    "pressPressure": 28.286377746420648
  },
  "privacyMode": false
}