{
  "sampleId": 8,
  "timestamp": "2025-07-26T16:07:07.870Z",
  "features": [
    199.39999997615814,
    158.5,
    140.80000001192093,
    113.89999997615814,
    160.39999997615814,
    148.79999995231628,
    103.89999997615814,
    279.89999997615814,
    287.9000000357628,
    235.19999998807907,
    298.60000002384186,
    -95.5,
    121.39999997615814,
    147.10000002384186,
    121.30000001192093,
    138.20000004768372,
    4.977187888842804,
    86.50000001192093,
    0,
    25.59574617287657,
    0,
    0,
    0,
    0,
    0,
    0,
    0,
    0,
    0,
    0,
    0,
    0,
    0,
    0
  ],
  "detailedFeatures": {
    "holdTimes": [
      199.39999997615814,
      158.5,
      140.80000001192093,
      113.89999997615814,
      160.39999997615814,
      148.79999995231628
    ],
    "ddTimes": [
      103.89999997615814,
      279.89999997615814,
      287.9000000357628,
      235.19999998807907,
      298.60000002384186
    ],
    "udTimes": [
      -95.5,
      121.39999997615814,
      147.10000002384186,
      121.30000001192093,
      138.20000004768372
    ],
    "typingSpeed": 4.977187888842804,
    "flightTime": 86.50000001192093,
    "errorRate": 0,
    "pressPressure": 25.59574617287657
  },
  "privacyMode": false
}