{
  "sampleId": 9,
  "timestamp": "2025-07-26T16:07:14.214Z",
  "features": [
    205.89999997615814,
    154.10000002384186,
    131.30000001192093,
    117.60000002384186,
    121.5,
    118.59999996423721,
    109.19999998807907,
    274.30000001192093,
    272.39999997615814,
    278.80000001192093,
    254.9000000357628,
    -96.69999998807907,
    120.19999998807907,
    141.0999999642372,
    161.19999998807907,
    133.4000000357628,
    5.0437121720576235,
    91.83999999761582,
    0,
    31.373502614427917,
    0,
    0,
    0,
    0,
    0,
    0,
    0,
    0,
    0,
    0,
    0,
    0,
    0,
    0
  ],
  "detailedFeatures": {
    "holdTimes": [
      205.89999997615814,
      154.10000002384186,
      131.30000001192093,
      117.60000002384186,
      121.5,
      118.59999996423721
    ],
    "ddTimes": [
      109.19999998807907,
      274.30000001192093,
      272.39999997615814,
      278.80000001192093,
      254.9000000357628
    ],
    "udTimes": [
      -96.69999998807907,
      120.19999998807907,
      141.0999999642372,
      161.19999998807907,
      133.4000000357628
    ],
    "typingSpeed": 5.0437121720576235,
    "flightTime": 91.83999999761582,
    "errorRate": 0,
    "pressPressure": 31.373502614427917
  },
  "privacyMode": false
}