{
  "sampleId": 4,
  "timestamp": "2025-07-26T16:06:33.059Z",
  "features": [
    189.30000001192093,
    164.19999998807907,
    158.30000001192093,
    146.10000002384186,
    132.70000004768372,
    129.5,
    114.30000001192093,
    291.5,
    263,
    260.39999997615814,
    257.30000001192093,
    -75,
    127.30000001192093,
    104.69999998807907,
    114.29999995231628,
    124.59999996423721,
    5.056890012642224,
    79.1799999833107,
    0,
    20.34057930345726,
    0,
    0,
    0,
    0,
    0,
    0,
    0,
    0,
    0,
    0,
    0,
    0,
    0,
    0
  ],
  "detailedFeatures": {
    "holdTimes": [
      189.30000001192093,
      164.19999998807907,
      158.30000001192093,
      146.10000002384186,
      132.70000004768372,
      129.5
    ],
    "ddTimes": [
      114.30000001192093,
      291.5,
      263,
      260.39999997615814,
      257.30000001192093
    ],
    "udTimes": [
      -75,
      127.30000001192093,
      104.69999998807907,
      114.29999995231628,
      124.59999996423721
    ],
    "typingSpeed": 5.056890012642224,
    "flightTime": 79.1799999833107,
    "errorRate": 0,
    "pressPressure": 20.34057930345726
  },
  "privacyMode": false
}