{
  "sampleId": 1,
  "timestamp": "2025-07-26T16:06:25.825Z",
  "features": [
    235.60000002384186,
    147.10000002384186,
    100.80000001192093,
    121,
    113,
    129.89999997615814,
    164,
    241,
    195.9000000357628,
    211.80000001192093,
    216,
    -71.60000002384186,
    93.89999997615814,
    95.10000002384186,
    90.80000001192093,
    103,
    5.832604257530747,
    62.23999999761581,
    0,
    44.552017046910535,
    0,
    0,
    0,
    0,
    0,
    0,
    0,
    0,
    0,
    0,
    0,
    0,
    0,
    0
  ],
  "detailedFeatures": {
    "holdTimes": [
      235.60000002384186,
      147.10000002384186,
      100.80000001192093,
      121,
      113,
      129.89999997615814
    ],
    "ddTimes": [
      164,
      241,
      195.9000000357628,
      211.80000001192093,
      216
    ],
    "udTimes": [
      -71.60000002384186,
      93.89999997615814,
      95.10000002384186,
      90.80000001192093,
      103
    ],
    "typingSpeed": 5.832604257530747,
    "flightTime": 62.23999999761581,
    "errorRate": 0,
    "pressPressure": 44.552017046910535
  },
  "privacyMode": false
}