{
  "sampleId": 0,
  "timestamp": "2025-07-26T16:06:21.669Z",
  "features": [
    64.09999996423721,
    89.30000001192093,
    76.10000002384186,
    231.69999998807907,
    161.4000000357628,
    127.30000001192093,
    109.20000004768372,
    116.80000001192093,
    146.39999997615814,
    71.89999997615814,
    100.19999998807907,
    33411.40000003576,
    133.79999995231628,
    236.30000001192093,
    216.69999998807907,
    215,
    268.4000000357628,
    7.800000011920929,
    10.899999976158142,
    33335.30000001192,
    -97.90000003576279,
    74.89999997615814,
    89.39999997615814,
    105.79999995231628,
    151.60000002384186,
    0.2597125270895488,
    4209.724999986589,
    0,
    48.147550991841314,
    0,
    0,
    0,
    0,
    0
  ],
  "detailedFeatures": {
    "holdTimes": [
      64.09999996423721,
      89.30000001192093,
      76.10000002384186,
      231.69999998807907,
      161.4000000357628,
      127.30000001192093,
      109.20000004768372,
      116.80000001192093,
      146.39999997615814
    ],
    "ddTimes": [
      71.89999997615814,
      100.19999998807907,
      33411.40000003576,
      133.79999995231628,
      236.30000001192093,
      216.69999998807907,
      215,
      268.4000000357628
    ],
    "udTimes": [
      7.800000011920929,
      10.899999976158142,
      33335.30000001192,
      -97.90000003576279,
      74.89999997615814,
      89.39999997615814,
      105.79999995231628,
      151.60000002384186
    ],
    "typingSpeed": 0.2597125270895488,
    "flightTime": 4209.724999986589,
    "errorRate": 0,
    "pressPressure": 48.147550991841314
  },
  "privacyMode": false
}